{
  "setup": {
    "model": "google/gemma-3-1b-it",
    "device": "mps",
    "configs": [
      "rtn4_row",
      "rtn4_g128",
      "rtn4_g64",
      "rtn4_g32"
    ],
    "random": {
      "batch": 2,
      "length": 32,
      "seed": 0
    },
    "self_generated": {
      "num_seqs": 2,
      "length": 32,
      "temperature": 1.0,
      "seed": 0,
      "bos_id": 2
    }
  },
  "random": [
    {
      "config": "rtn4_row",
      "output_kl": 5.338712692260742,
      "max_mse": 39486.45703125,
      "worst_layer": 25,
      "layer_mse": [
        3.2157626152038574,
        4.905220985412598,
        10.931989669799805,
        26.35383415222168,
        36.85699462890625,
        88.92752075195312,
        154.0572052001953,
        2248.669677734375,
        4030.4287109375,
        7329.25537109375,
        10749.07421875,
        15131.9462890625,
        19921.986328125,
        23192.27734375,
        25991.8671875,
        27497.58203125,
        31289.72265625,
        35164.84375,
        36481.11328125,
        37176.36328125,
        32937.890625,
        33077.140625,
        29216.34765625,
        25690.712890625,
        26922.611328125,
        39486.45703125
      ]
    },
    {
      "config": "rtn4_g128",
      "output_kl": 4.307171821594238,
      "max_mse": 33158.25,
      "worst_layer": 25,
      "layer_mse": [
        1.2884221076965332,
        2.4097983837127686,
        5.006715297698975,
        11.884379386901855,
        25.003955841064453,
        49.30332565307617,
        223.89682006835938,
        1485.534423828125,
        2380.5185546875,
        4818.216796875,
        7167.69873046875,
        10068.685546875,
        14002.357421875,
        16307.859375,
        18255.001953125,
        19440.30859375,
        22152.947265625,
        25203.990234375,
        26566.177734375,
        27217.830078125,
        24425.5859375,
        25058.302734375,
        22420.8359375,
        20028.166015625,
        21867.990234375,
        33158.25
      ]
    },
    {
      "config": "rtn4_g64",
      "output_kl": 4.101423740386963,
      "max_mse": 33153.14453125,
      "worst_layer": 25,
      "layer_mse": [
        0.9299349188804626,
        1.6150736808776855,
        3.9687962532043457,
        9.404181480407715,
        15.514726638793945,
        40.250301361083984,
        71.638916015625,
        1193.94580078125,
        1726.4384765625,
        3070.4560546875,
        4303.45458984375,
        6036.5673828125,
        7908.919921875,
        9113.91015625,
        10272.41796875,
        11026.6416015625,
        12122.6494140625,
        14686.90234375,
        15215.548828125,
        16033.751953125,
        15469.8818359375,
        16321.55859375,
        16217.7294921875,
        15743.19140625,
        19563.740234375,
        33153.14453125
      ]
    },
    {
      "config": "rtn4_g32",
      "output_kl": 4.346494197845459,
      "max_mse": 33169.3203125,
      "worst_layer": 25,
      "layer_mse": [
        0.7189542055130005,
        1.134842038154602,
        2.8237578868865967,
        8.272418975830078,
        13.953060150146484,
        34.33192443847656,
        58.97611618041992,
        1045.32568359375,
        1688.145751953125,
        3275.8095703125,
        4690.2412109375,
        6699.869140625,
        8785.919921875,
        10056.9560546875,
        11030.8232421875,
        11925.1455078125,
        13032.3876953125,
        15381.3232421875,
        15957.49609375,
        16704.341796875,
        15697.4638671875,
        16483.1171875,
        16332.2294921875,
        15919.16015625,
        19412.736328125,
        33169.3203125
      ]
    }
  ],
  "self_generated": [
    {
      "config": "rtn4_row",
      "output_kl": 2.530911922454834,
      "max_mse": 30033.22265625,
      "worst_layer": 25,
      "layer_mse": [
        2.401425361633301,
        3.081821918487549,
        5.682066440582275,
        10.820585250854492,
        34.53744125366211,
        44.636905670166016,
        61.12369918823242,
        110.63760375976562,
        155.61985778808594,
        270.1222229003906,
        349.7159118652344,
        489.6818542480469,
        708.6088256835938,
        949.0128173828125,
        1257.794921875,
        1750.9869384765625,
        1970.66064453125,
        2903.68701171875,
        3845.639404296875,
        5061.84033203125,
        6582.1494140625,
        8288.5615234375,
        10803.138671875,
        12877.4423828125,
        17839.3984375,
        30033.22265625
      ]
    },
    {
      "config": "rtn4_g128",
      "output_kl": 1.2539985179901123,
      "max_mse": 16883.9609375,
      "worst_layer": 25,
      "layer_mse": [
        0.8001118898391724,
        1.1177465915679932,
        2.0146279335021973,
        4.562400817871094,
        13.518477439880371,
        13.186427116394043,
        20.127058029174805,
        46.947139739990234,
        76.20327758789062,
        120.90009307861328,
        220.194580078125,
        247.780029296875,
        357.82373046875,
        530.7153930664062,
        730.3821411132812,
        1032.43017578125,
        1192.76318359375,
        1756.6173095703125,
        2374.4111328125,
        3207.877197265625,
        4195.03857421875,
        5304.71337890625,
        7019.83740234375,
        8328.185546875,
        11512.982421875,
        16883.9609375
      ]
    },
    {
      "config": "rtn4_g64",
      "output_kl": 1.0354629755020142,
      "max_mse": 16683.5234375,
      "worst_layer": 25,
      "layer_mse": [
        0.6723244786262512,
        0.9692859649658203,
        1.6933847665786743,
        3.845057249069214,
        12.548259735107422,
        13.727079391479492,
        23.62744140625,
        40.28728485107422,
        64.29556274414062,
        88.1268310546875,
        124.80709075927734,
        190.323974609375,
        266.92205810546875,
        399.7792663574219,
        536.998779296875,
        828.3963623046875,
        970.4600830078125,
        1490.68310546875,
        2038.5435791015625,
        2813.20703125,
        3668.927978515625,
        4744.6259765625,
        6385.10791015625,
        7487.7724609375,
        10489.02734375,
        16683.5234375
      ]
    },
    {
      "config": "rtn4_g32",
      "output_kl": 0.5016447305679321,
      "max_mse": 16931.00390625,
      "worst_layer": 25,
      "layer_mse": [
        0.5406277775764465,
        0.7410528659820557,
        1.2960469722747803,
        3.2375850677490234,
        8.779008865356445,
        9.931867599487305,
        18.34732437133789,
        26.58655548095703,
        42.64055633544922,
        63.43720245361328,
        85.16864776611328,
        123.54708862304688,
        177.20236206054688,
        280.3527526855469,
        405.2060546875,
        603.408935546875,
        703.4349975585938,
        1040.876708984375,
        1451.2608642578125,
        2078.2802734375,
        2734.197998046875,
        3628.729736328125,
        5128.15966796875,
        6377.0224609375,
        9655.1865234375,
        16931.00390625
      ]
    }
  ]
}