{
  "setup": {
    "model": "google/gemma-3-1b-it",
    "device": "mps",
    "configs": [
      "rtn4_row",
      "rtn4_g128",
      "rtn4_g32",
      "rtn4_g8",
      "mxfp4",
      "mxfp4opt1",
      "mxfp4opt2"
    ],
    "input_sets": [
      "self_s2",
      "real_text"
    ]
  },
  "results": {
    "self_s2": [
      {
        "config": "rtn4_row",
        "output_kl": 1.1246263980865479,
        "max_mse": 12748.140625,
        "worst_layer": 25,
        "layer_mse": [
          2.139315605163574,
          2.944570779800415,
          5.817953586578369,
          9.861801147460938,
          30.0841064453125,
          29.540727615356445,
          56.21640396118164,
          112.05974578857422,
          151.86114501953125,
          270.32275390625,
          384.73779296875,
          718.5809326171875,
          765.085205078125,
          891.227294921875,
          1105.011962890625,
          1445.0648193359375,
          1674.9207763671875,
          2164.8798828125,
          2704.19873046875,
          3270.5185546875,
          4423.95361328125,
          5400.26708984375,
          6896.48193359375,
          8086.8369140625,
          9485.31640625,
          12748.140625
        ]
      },
      {
        "config": "rtn4_g128",
        "output_kl": 0.45709851384162903,
        "max_mse": 6721.33984375,
        "worst_layer": 25,
        "layer_mse": [
          0.7367386221885681,
          1.0092028379440308,
          1.9047788381576538,
          3.6480183601379395,
          8.73224925994873,
          11.205470085144043,
          17.729093551635742,
          35.25264358520508,
          56.00830078125,
          93.40067291259766,
          96.85580444335938,
          132.06394958496094,
          170.83570861816406,
          254.90826416015625,
          354.3885498046875,
          533.327392578125,
          638.9285888671875,
          899.4641723632812,
          1203.9200439453125,
          1482.294677734375,
          2018.3585205078125,
          2549.215576171875,
          3297.618408203125,
          3991.322021484375,
          4975.7978515625,
          6721.33984375
        ]
      },
      {
        "config": "rtn4_g32",
        "output_kl": 0.3181883692741394,
        "max_mse": 5548.076171875,
        "worst_layer": 25,
        "layer_mse": [
          0.5007511973381042,
          0.6817824244499207,
          1.2710245847702026,
          2.461744546890259,
          6.893623352050781,
          8.573552131652832,
          13.669221878051758,
          24.898948669433594,
          43.712547302246094,
          65.66616821289062,
          69.8230972290039,
          104.58297729492188,
          136.20114135742188,
          214.20245361328125,
          306.28369140625,
          443.8141784667969,
          550.5977783203125,
          755.839111328125,
          997.8878173828125,
          1235.79052734375,
          1689.79931640625,
          2120.225341796875,
          2790.476318359375,
          3373.010986328125,
          4260.15673828125,
          5548.076171875
        ]
      },
      {
        "config": "rtn4_g8",
        "output_kl": 0.1597089022397995,
        "max_mse": 2614.4677734375,
        "worst_layer": 25,
        "layer_mse": [
          0.2003800868988037,
          0.2883082926273346,
          0.5771393775939941,
          1.3163087368011475,
          2.81479811668396,
          4.93798828125,
          8.215503692626953,
          13.448277473449707,
          18.740089416503906,
          29.31581687927246,
          31.17972183227539,
          46.31081771850586,
          57.35079574584961,
          91.96322631835938,
          124.02731323242188,
          193.34303283691406,
          233.55929565429688,
          334.8656005859375,
          435.62933349609375,
          539.6778564453125,
          741.327392578125,
          936.3328857421875,
          1257.3809814453125,
          1515.49658203125,
          1967.0416259765625,
          2614.4677734375
        ]
      },
      {
        "config": "mxfp4",
        "output_kl": 0.33965030312538147,
        "max_mse": 5914.07421875,
        "worst_layer": 25,
        "layer_mse": [
          0.9458995461463928,
          1.192659854888916,
          4.1644287109375,
          4.62100887298584,
          8.305974006652832,
          12.957526206970215,
          27.301355361938477,
          63.73583984375,
          61.68247985839844,
          72.4378662109375,
          121.58912658691406,
          170.18853759765625,
          229.36753845214844,
          301.2948913574219,
          377.4920349121094,
          554.9667358398438,
          682.4647216796875,
          826.27783203125,
          1081.32763671875,
          1321.843994140625,
          1737.1473388671875,
          2145.939208984375,
          2767.59814453125,
          3427.724365234375,
          4253.56591796875,
          5914.07421875
        ]
      },
      {
        "config": "mxfp4opt1",
        "output_kl": 0.25794485211372375,
        "max_mse": 5235.248046875,
        "worst_layer": 25,
        "layer_mse": [
          0.6655199527740479,
          0.8487292528152466,
          1.489041805267334,
          2.8176674842834473,
          5.06141471862793,
          6.8195481300354,
          13.042253494262695,
          36.86094665527344,
          37.84373474121094,
          57.21637725830078,
          72.41167449951172,
          109.82323455810547,
          151.35792541503906,
          204.39453125,
          270.54400634765625,
          405.65582275390625,
          488.8409423828125,
          644.9989013671875,
          839.7175903320312,
          1068.292724609375,
          1436.1884765625,
          1810.668212890625,
          2371.9287109375,
          2938.43994140625,
          3760.013427734375,
          5235.248046875
        ]
      },
      {
        "config": "mxfp4opt2",
        "output_kl": 0.25794485211372375,
        "max_mse": 5235.248046875,
        "worst_layer": 25,
        "layer_mse": [
          0.6655199527740479,
          0.8487292528152466,
          1.489041805267334,
          2.8176674842834473,
          5.06141471862793,
          6.8195481300354,
          13.042253494262695,
          36.86094665527344,
          37.84373474121094,
          57.21637725830078,
          72.41167449951172,
          109.82323455810547,
          151.35792541503906,
          204.39453125,
          270.54400634765625,
          405.65582275390625,
          488.8409423828125,
          644.9989013671875,
          839.7175903320312,
          1068.292724609375,
          1436.1884765625,
          1810.668212890625,
          2371.9287109375,
          2938.43994140625,
          3760.013427734375,
          5235.248046875
        ]
      }
    ],
    "real_text": [
      {
        "config": "rtn4_row",
        "output_kl": 0.6064639091491699,
        "max_mse": 13201.97265625,
        "worst_layer": 25,
        "layer_mse": [
          2.2121922969818115,
          3.1960608959198,
          5.7220234870910645,
          9.816977500915527,
          31.85670280456543,
          37.91990280151367,
          48.877655029296875,
          91.82996368408203,
          138.53903198242188,
          254.97579956054688,
          387.2972412109375,
          708.0291748046875,
          793.4158935546875,
          726.1995239257812,
          865.2676391601562,
          1065.3157958984375,
          1323.50634765625,
          1678.087158203125,
          2242.237060546875,
          2686.978271484375,
          3461.279296875,
          4228.609375,
          5262.09814453125,
          6139.79248046875,
          7468.31787109375,
          13201.97265625
        ]
      },
      {
        "config": "rtn4_g128",
        "output_kl": 0.29737988114356995,
        "max_mse": 5242.69189453125,
        "worst_layer": 25,